{
   "pos":[
      {
      "x": 0.5,
      "y": 0.5,
      "theta": 10.0,
      "drive":[{
         "p": 0.045,
         "i": 0.03,
         "d": 0.00000000008,
         "iLimit": 0.2,
         "threshold": 0.025
      }],
      "rotation":[{
         "p": 0.0015,
         "i": 0.005,
         "d": 0.0,
         "iLimit": 10.0,
         "threshold": 0.2
      }]
      },
      {
      "x": 1.0,
      "y": 1.0,
      "theta": 20.0,
      "drive":[{
         "p": 0.045,
         "i": 0.03,
         "d": 0.00000000008,
         "iLimit": 0.2,
         "threshold": 0.025
      }],
      "rotation":[{
         "p": 0.0015,
         "i": 0.005,
         "d": 0.0,
         "iLimit": 10.0,
         "threshold": 0.2
      }]
         
      }
   ]
 }
 